INSERT INTO craft_beer_geek.recipes (id, boiling, bottling, fermentation, hop, malt, mashing, name_beer, user_id) VALUES (2, 'gotuj dobrze', 'na ko?cu butelkuj', 'fermentuj dobrze', 'Cascade, Marynka', 'S?ód j?czmienny', 'zacieraj dobrze', 'Pale Ale', 1);
INSERT INTO craft_beer_geek.recipes (id, boiling, bottling, fermentation, hop, malt, mashing, name_beer, user_id) VALUES (3, 'gotuj dobrze', 'na ko?cu butelkuj to!!!', 'fermentuj dobrze', 'Cascade, Marynka', 'S?ód j?czmienny', 'zacieraj dobrze', 'Pale Ale', 1);
INSERT INTO craft_beer_geek.recipes (id, boiling, bottling, fermentation, hop, malt, mashing, name_beer, user_id) VALUES (5, 'gotuj dobrze', 'na ko?cu butelkuj to!!!', 'fermentuj dobrze', 'Cascade, Marynka', 'S?ód j?czmienny i pszeniczny', 'zacieraj dobrze', 'Pale Ale', 1);
INSERT INTO craft_beer_geek.recipes (id, boiling, bottling, fermentation, hop, malt, mashing, name_beer, user_id) VALUES (6, 'gotuj', 'potem butelkuj', 'fermentuj', 'cascade', 'ciemne s?ody', 'zacieraj', 'Russian Imperial Stout', 5);
INSERT INTO craft_beer_geek.recipes (id, boiling, bottling, fermentation, hop, malt, mashing, name_beer, user_id) VALUES (7, 'gotuj', 'potem butelkuj', 'fermentuj', 'cascade, Chinook', 'ciemne s?ody', 'zacieraj', 'Russian Imperial Stout', 5);
INSERT INTO craft_beer_geek.recipes (id, boiling, bottling, fermentation, hop, malt, mashing, name_beer, user_id) VALUES (8, 'gotuj', 'potem butelkuj vvwvwcvw', 'fermentuj', 'cascade, Chinook', 'ciemne s?ody', 'zacieraj', 'Russian Imperial Stout', 5);
INSERT INTO craft_beer_geek.recipes (id, boiling, bottling, fermentation, hop, malt, mashing, name_beer, user_id) VALUES (9, 'gotuj', 'potem butelkuj vvwvwcvw', 'fermentuj', 'cascade, Chinook', 'ciemne s?odyqxcqwecxdqd ffffffffffffffffffff', 'zacieraj', 'Russian Imperial Stout', 5);
INSERT INTO craft_beer_geek.roles (id, name) VALUES (2, 'ROLE_ADMIN');
INSERT INTO craft_beer_geek.roles (id, name) VALUES (1, 'ROLE_USER');
INSERT INTO craft_beer_geek.users (id, active, email, password, username) VALUES (1, true, 'email1@email.pl', '{noop}abc', 'user1');
INSERT INTO craft_beer_geek.users (id, active, email, password, username) VALUES (2, true, 'lll@com.pl', '{bcrypt}$2a$10$h4wkHSr0/gIp1Bi728tKMO8xfGMim.PHWYvG7MDTd0qQK8pIFLnxG', 'Bolek123');
INSERT INTO craft_beer_geek.users (id, active, email, password, username) VALUES (4, true, 'aaaaaaa@gmail.com', '{bcrypt}$2a$10$MHmBheYsnin.tKJO7SkS8urQiR1depQT8Y7SytI84OVji3f45IGKC', 'Karol');
INSERT INTO craft_beer_geek.users (id, active, email, password, username) VALUES (5, true, 'bobek@gmail.com', '{bcrypt}$2a$10$VxX/ezFvp3pO/D2/4yA3W.ypvyp/p2NG0k3WYcSCtVLA9A/8sZGPy', 'Bobek');
INSERT INTO craft_beer_geek.users (id, active, email, password, username) VALUES (6, true, 'kubus123@gmail.com', '{bcrypt}$2a$10$qn51iBsdn1X2WcZy6RVKTunuiNpSQnaKe8TNE071s36LX46V0Mmw.', 'Kubu?');
INSERT INTO craft_beer_geek.users_roles (user_id, roles_id) VALUES (1, 1);
INSERT INTO craft_beer_geek.users_roles (user_id, roles_id) VALUES (2, 1);
INSERT INTO craft_beer_geek.users_roles (user_id, roles_id) VALUES (4, 1);
INSERT INTO craft_beer_geek.users_roles (user_id, roles_id) VALUES (5, 1);
INSERT INTO craft_beer_geek.users_roles (user_id, roles_id) VALUES (6, 1);